{
  "cv_auc_scores": [
    0.8696808510638299,
    0.9140070921985817,
    0.8537234042553191,
    0.6897163120567376,
    0.8109318996415771
  ],
  "cv_auc_mean": 0.827611911843209,
  "cv_auc_std": 0.0764318678553529
}