{
  "cv_auc_scores": [
    0.5560020519835841,
    0.567336214933469,
    0.605983557928638,
    0.5895414865666582,
    0.5738621917111619
  ],
  "cv_auc_mean": 0.5785451006247022,
  "cv_auc_std": 0.01749026723278875
}